"Id","Path","Slice Name","Alias(s)","Label","Min","Max","Must Support?","Is Modifier?","Is Summary?","Type(s)","Short","Definition","Comments","Requirements","Default Value","Meaning When Missing","Fixed Value","Pattern","Example","Minimum Value","Maximum Value","Maximum Length","Binding Strength","Binding Description","Binding Value Set","Code","Slicing Discriminator","Slicing Description","Slicing Ordered","Slicing Rules","Base Path","Base Min","Base Max","Condition(s)","Constraint(s)","Mapping: Workflow Pattern","Mapping: RIM Mapping","Mapping: FiveWs Pattern Mapping","Mapping: HL7 v2 Mapping"
"CarePlan","CarePlan","","Care Team
","",0,*,"","","","null {[]} {[]}
","患者またはグループの健康計画 (Kanja matawa Gurūpu no Kenkō Keikaku)","1人または複数の医療従事者が特定の患者、グループ、またはコミュニティに一定期間ケアを提供する意図を述べ、特定の状態または一連の状態に限定される場合がある。","","","","","","","","","",,,,,"",,,,"CarePlan",0,*,"","dom-2:もしリソースが他のリソースに含まれている場合、そのリソースにはネストされたリソースを含めてはなりません (moshi risōsu ga hoka no risōsu ni fukumarete iru baai, sono risōsu ni wa nesuto sareta risōsu o fukumete wa narimasen). {contained.contained.empty()}
dom-3:もしリソースが他のリソースに含まれている場合、それはリソースの他の場所から参照されるか、含まれるリソースに参照されるべきです。 {contained.where((('#'+id in (%resource.descendants().reference | %resource.descendants().as(canonical) | %resource.descendants().as(uri) | %resource.descendants().as(url))) or descendants().where(reference = '#').exists() or descendants().where(as(canonical) = '#').exists() or descendants().where(as(canonical) = '#').exists()).not()).trace('unmatched', id).empty()}dom-4:もしリソースが別のリソースの中に含まれる場合、meta.versionIdまたはmeta.lastUpdatedを持つべきではありません。 {contained.meta.versionId.empty() and contained.meta.lastUpdated.empty()}dom-5:もしリソースが他のリソースに含まれている場合、セキュリティラベルを持つべきではありません。 {contained.meta.security.empty()}dom-6:資源は堅牢な管理のために物語を持つべきである。 {text.`div`.exists()}","Request","Entity. Role, or Act","Act[classCode=PCPR, moodCode=INT]"
"CarePlan.id","CarePlan.id","","","",0,1,"","","Y","id {[]} {[]}
","このアーティファクトの論理ID","リソースのURLで使用される論理ID。一度割り当てられたら、この値は変更されません。","リソースにIDがないのは、作成操作を使用してサーバーに送信されているときだけです。","","","","","","","","",,,,,"",,,,"Resource.id",0,1,"",""
"CarePlan.meta","CarePlan.meta","","","",0,1,"","","Y","Meta {[]} {[]}
","リソースに関するメタデータ","リソースに関するメタデータ。これはインフラストラクチャによって維持されるコンテンツです。 コンテンツの変更は、リソースのバージョン変更と常に関連しているわけではありません。","","","","","","","","","",,,,,"",,,,"Resource.meta",0,1,"","ele-1:すべてのFHIR要素は、@valueまたはchildrenを持っている必要があります。 {hasValue() or (children().count() > id.count())}
"
"CarePlan.meta.id","CarePlan.meta.id","","","",0,1,"","","","string {[]} {[]}
","エレメント相互参照のためのユニークID","リソース内の要素の固有ID（内部参照用）。これは、スペースを含まない任意の文字列値である可能性があります。","","","","","","","","","",,,,,"",,,,"Element.id",0,1,"","","n/a"
"CarePlan.meta.extension","CarePlan.meta.extension","","extensions
user content","",0,*,"","","","Extension {[]} {[]}
","実装によって定義される追加コンテンツ","要素の基本的な定義に含まれない追加情報を表すために使用されることがあります。拡張機能の使用を安全かつ管理しやすくするために、定義および使用に適用される厳格なガバナンスのセットがあります。実装者は拡張機能を定義できますが、拡張機能の定義の一部として満たす必要のある要件のセットがあります。","どのようなアプリケーション、プロジェクト、または標準が拡張機能を使用しているかに関わらず、拡張機能の使用には決して汚名が付くわけではありません - それらを使用または定義する機関または管轄区域に関係なく。拡張機能の使用こそが、FHIR仕様を誰にとっても簡単なコアレベルで維持することを可能にします。","","","","","","","","",,,,,"","value:url}
","拡張子は常にURLで切り片にされます。",,"open","Element.extension",0,*,"","ele-1:すべてのFHIR要素は、@valueまたはchildrenを持っている必要があります。 {hasValue() or (children().count() > id.count())}
ext-1:拡張機能または値[x]のいずれかが必要です。両方ではありません。 {extension.exists() != value.exists()}","n/a"
"CarePlan.meta.versionId","CarePlan.meta.versionId","","","",0,1,"","","Y","id {[]} {[]}
","バージョン固有の識別子 (Baajon koyū no shikibetsu-shi)","URLのバージョン部分に表示されるバージョン固有の識別子。この値は、リソースが作成、更新、または削除された場合に変更されます。","サーバーがこの値を割り当て、クライアントが指定した値を無視する。ただし、サーバーが更新/削除時にバージョンの整合性を強制する場合を除く。","","","","","","","","",,,,,"",,,,"Meta.versionId",0,1,"","ele-1:すべてのFHIR要素は、@valueまたはchildrenを持っている必要があります。 {hasValue() or (children().count() > id.count())}
"
"CarePlan.meta.lastUpdated","CarePlan.meta.lastUpdated","","","",0,1,"Y","","Y","instant {[]} {[]}
","リソースのバージョンが最後に変更されたとき","リソースが最後に変更されたとき - 例えば、バージョンが変更されたとき。","この値はリソースが初めて作成される場合を除いて常に設定されています。サーバー/リソースマネージャーがこの値を設定します。クライアントが提供する値は関係ありません。これはHTTP Last-Modifiedに相当し、[read](http://hl7.org/fhir/R4/http.html#read)のインタラクションで同じ値を持つべきです。","","","","","","","","",,,,,"",,,,"Meta.lastUpdated",0,1,"","ele-1:すべてのFHIR要素は、@valueまたはchildrenを持っている必要があります。 {hasValue() or (children().count() > id.count())}
"
"CarePlan.meta.source","CarePlan.meta.source","","","",0,1,"","","Y","uri {[]} {[]}
","「リソースがどこから来たかを特定する」","リソースのソースシステムを識別するURI。これにより、リソース内の情報のソースをトラックまたは区別するために使用できる最小限の[プロビナンス]（provenance.html＃）情報が提供されます。ソースは、別のFHIRサーバー、ドキュメント、メッセージ、データベースなどを識別できます。","プロバナンスのリソースにおいて、これはProvenance.entity.what[x]に対応します。ソースの正確な使用方法（および含意されるProvenance.entity.role）は実装者の判断に委ねられます。指定されたソースは1つだけです。追加のプロバナンスの詳細が必要な場合は、完全なプロバナンスリソースを使用するべきです。

この要素は、正規のURLでホストされていないリソースの現在のマスターソースがどこにあるかを示すために使用できます。","","","","","","","","",,,,,"",,,,"Meta.source",0,1,"","ele-1:すべてのFHIR要素は、@valueまたはchildrenを持っている必要があります。 {hasValue() or (children().count() > id.count())}
"
"CarePlan.meta.profile","CarePlan.meta.profile","","","",0,*,"","","Y","canonical {[]} {[CanonicalType[http://hl7.org/fhir/StructureDefinition/StructureDefinition]]}
","このリソースが適合を主張するプロファイル","このリソースが準拠すると主張する [StructureDefinition](http://hl7.org/fhir/R4/structuredefinition.html#) リソースに関するプロファイルのリストです。URL は [StructureDefinition.url](http://hl7.org/fhir/R4/structuredefinition-definitions.html#StructureDefinition.url) への参照です。","これらの主張が時間の経過に伴って検証または更新される方法と、それらを決定するサーバーや他の基盤に任されます。プロファイルURLのリストは1セットです。","","","","","","","","",,,,,"",,,,"Meta.profile",0,*,"","ele-1:すべてのFHIR要素は、@valueまたはchildrenを持っている必要があります。 {hasValue() or (children().count() > id.count())}
"
"CarePlan.meta.security","CarePlan.meta.security","","","",0,*,"","","Y","Coding {[]} {[]}
","このリソースに適用されたセキュリティラベル","このリソースにはセキュリティラベルが適用されています。これらのタグにより、特定のリソースが全体的なセキュリティポリシーやインフラストラクチャに関連付けられます。","セキュリティラベルは変更せずにリソースのバージョンを更新可能です。セキュリティラベルのリストはセットであり、一意性はシステム/コードに基づき、バージョンと表示は無視されます。","","","","","","","","",,"extensible","医療プライバシーおよびセキュリティ分類システムからのセキュリティラベル。","http://hl7.org/fhir/ValueSet/security-labels","",,,,"Meta.security",0,*,"","ele-1:すべてのFHIR要素は、@valueまたはchildrenを持っている必要があります。 {hasValue() or (children().count() > id.count())}
"
"CarePlan.meta.tag","CarePlan.meta.tag","","","",0,*,"","","Y","Coding {[]} {[]}
","このリソースに適用されたタグ","このリソースに適用されるタグです。タグは、リソースをプロセスやワークフローに識別し、関連付けるために使用することが意図されており、アプリケーションはリソースの意味を解釈する際にタグを考慮する必要はありません。","リソースの表示バージョンを変更することなく、タグを更新できます。タグのリストは集合です。ユニーク性はシステム/コードに基づき、バージョンと表示は無視されます。","","","","","","","","",,"example","様々なタグを表すコードで、一般的にはワークフローに関連しています。例：「ジョーンズ博士によるレビューが必要です」。","http://hl7.org/fhir/ValueSet/common-tags","",,,,"Meta.tag",0,*,"","ele-1:すべてのFHIR要素は、@valueまたはchildrenを持っている必要があります。 {hasValue() or (children().count() > id.count())}
"
"CarePlan.implicitRules","CarePlan.implicitRules","","","",0,1,"","Y","Y","uri {[]} {[]}
","このコンテンツが作成されたルールセット","リソース構築時に遵守された一連のルールを指すものであり、コンテンツを処理する際に理解する必要があります。しばしば、特別なルールを定義する実装ガイドとその他のプロファイルなどを含むものです。","このルールセットを主張することで、取引先の限られた集団にしか内容を理解させることができず、長期的にはデータの有用性が制限されます。しかしながら、現存するヘルスエコシステムは高度に分断化しており、一般的に計算可能な形式でデータを定義、収集、交換する準備が整っていません。できる限り、実装者および/または仕様ライターはこの要素の使用を避けるべきです。使用する場合、URLは、そのナラティブとともに他のプロファイル、値セットなどを含む実装ガイドを定義する参照となります。","","","","","","","","",,,,,"",,,,"Resource.implicitRules",0,1,"","ele-1:すべてのFHIR要素は、@valueまたはchildrenを持っている必要があります。 {hasValue() or (children().count() > id.count())}
"
"CarePlan.language","CarePlan.language","","","",0,1,"","","","code {[]} {[]}
","「リソースコンテンツの言語」","リソースが書かれている基本言語。","言語はインデックスとアクセシビリティをサポートするために提供されます（通常、テキスト読み上げなどのサービスは言語タグを使用します）。物語のHTML言語タグは、物語に適用されます。リソース上の言語タグは、リソース内のデータから生成される他のプレゼンテーションの言語を指定するために使用できます。すべてのコンテンツが基本言語である必要はありません。Resource.languageは自動的に物語に適用されたと想定してはいけません。言語が指定されている場合、HTMLのdiv要素にも指定する必要があります（xml：langとhtml lang属性の関係に関する情報はHTML5の規則を参照）。","","","","","","","","",,"preferred","「人間の言語。」","http://hl7.org/fhir/ValueSet/languages","",,,,"Resource.language",0,1,"","ele-1:すべてのFHIR要素は、@valueまたはchildrenを持っている必要があります。 {hasValue() or (children().count() > id.count())}
"
"CarePlan.text","CarePlan.text","","narrative
htmlxhtmldisplay","",0,1,"","","","Narrative {[]} {[]}
","人間の解釈のためのリソースのテキスト要約","リソースの要約を含む人が読めるナビゲーションであり、リソースの内容を人に表現するために使用できます。ナビゲーションはすべての構造化されたデータをエンコードする必要はありませんが、人間がナビゲーションを読むだけで「臨床的に安全」であるために十分な詳細を含む必要があります。リソース定義には、臨床的な安全性を確保するためにナビゲーションで表現する必要があるコンテンツが定義される場合があります。","含まれるリソースには説明がありません。含まれないリソースには説明が必要です。場合によっては、リソースが少量のデータしか含まず、テキストだけで表現されることがあります（minOccurs = 1要素がすべて満たされている限り）。これは、情報が「テキストの塊」としてキャプチャされるレガシーシステムからのデータや、テキストが生またはナレーションされて符号化された情報が後で追加される場合に必要な場合があります。","","","","","","","","",,,,,"",,,,"DomainResource.text",0,1,"","ele-1:すべてのFHIR要素は、@valueまたはchildrenを持っている必要があります。 {hasValue() or (children().count() > id.count())}
","Act.text?"
"CarePlan.contained","CarePlan.contained","","inline resources
anonymous resourcescontained resources","",0,*,"","","","Resource {[]} {[]}
","「含まれている、インラインのリソース」","これらのリソースは、それらを含むリソースから独立した存在を持ちません。それらは独立して識別することはできず、独自の独立したトランザクション範囲を持つこともできません。","コンテンツが適切に識別できる場合には、これを行うべきではありません。識別が失われると、再び復元することは非常に困難であり（文脈に依存します）、メタ要素にプロファイルとタグを持つことができますが、セキュリティのラベルを持っていてはいけません。","","","","","","","","",,,,,"",,,,"DomainResource.contained",0,*,"","","N/A"
"CarePlan.extension","CarePlan.extension","","extensions
user content","",0,*,"","","","Extension {[]} {[]}
","実装によって定義される追加コンテンツ","リソースの基本的な定義の一部ではない追加情報を表すために使用することができます。拡張機能の使用を安全かつ管理可能にするために、定義と使用の一定のガバナンスが適用されます。実装者はどんな拡張機能でも定義できますが、拡張機能の定義の一部として満たす必要がある要件があります","どのようなアプリケーション、プロジェクト、または標準が拡張機能を使用しているかに関わらず、拡張機能の使用には決して汚名が付くわけではありません - それらを使用または定義する機関または管轄区域に関係なく。拡張機能の使用こそが、FHIR仕様を誰にとっても簡単なコアレベルで維持することを可能にします。","","","","","","","","",,,,,"",,,,"DomainResource.extension",0,*,"","ele-1:すべてのFHIR要素は、@valueまたはchildrenを持っている必要があります。 {hasValue() or (children().count() > id.count())}
ext-1:拡張機能または値[x]のいずれかが必要です。両方ではありません。 {extension.exists() != value.exists()}","N/A"
"CarePlan.modifierExtension","CarePlan.modifierExtension","","extensions
user content","",0,*,"","Y","","Extension {[]} {[]}
","無視できない拡張機能 (Mushi dekinai kakuchou kinou)","リソースの基本的な定義に含まれない、要素の理解や、それを含む要素の子孫の理解を修正する追加情報を表すためにも使用されることがあります。通常、修飾要素は否定や修飾を提供します。拡張機能の使用を安全で管理しやすくするために、拡張機能の定義と使用に対して厳格な統治が適用されます。実装者は拡張機能を定義することが許可されていますが、拡張機能の定義の一部として満たす必要がある要件があります。リソースを処理するアプリケーションは、修飾子拡張をチェックする必要があります。修飾子拡張は、リソースまたはドメインリソースの任意の要素の意味を変更してはなりません（修飾子拡張自体の意味も変更できません）。","どのようなアプリケーション、プロジェクト、または標準が拡張機能を使用しているかに関わらず、拡張機能の使用には決して汚名が付くわけではありません - それらを使用または定義する機関または管轄区域に関係なく。拡張機能の使用こそが、FHIR仕様を誰にとっても簡単なコアレベルで維持することを可能にします。","Modifier extensions allow for extensions that *cannot* be safely ignored to be clearly distinguished from the vast majority of extensions which can be safely ignored.  This promotes interoperability by eliminating the need for implementers to prohibit the presence of extensions. For further information, see the [definition of modifier extensions](http://hl7.org/fhir/R4/extensibility.html#modifierExtension).","","","","","","","",,,,,"",,,,"DomainResource.modifierExtension",0,*,"","ele-1:すべてのFHIR要素は、@valueまたはchildrenを持っている必要があります。 {hasValue() or (children().count() > id.count())}
ext-1:拡張機能または値[x]のいずれかが必要です。両方ではありません。 {extension.exists() != value.exists()}","N/A"
"CarePlan.identifier","CarePlan.identifier","","","",0,*,"","","Y","Identifier {[]} {[]}
","このプランの外部ID","パフォーマーまたはその他のシステムによって割り当てられたこのケアプランのビジネス識別子は、リソースが更新され、サーバからサーバへ伝播する際に一定のままであります。","これはビジネス識別子であり、リソース識別子ではありません（[discussion]（resource.html＃identifiers）を参照）。 識別子が単一のリソースインスタンスにのみ表示されることが最善の方法ですが、ビジネス上の実践によっては、同じ識別子を持つ複数のリソースインスタンスが存在する場合があります。 たとえば、複数の患者と個人リソースインスタンスが同じ社会保険番号を共有する場合があります。","Allows identification of the care plan as it is known by various participating systems and in a way that remains consistent across servers.","","","","","","","",,,,,"",,,,"CarePlan.identifier",0,*,"","ele-1:すべてのFHIR要素は、@valueまたはchildrenを持っている必要があります。 {hasValue() or (children().count() > id.count())}
","Request.identifier",".id","FiveWs.identifier","PTH-3"
"CarePlan.instantiatesCanonical","CarePlan.instantiatesCanonical","","","",0,*,"","","Y","canonical {[]} {[CanonicalType[http://hl7.org/fhir/StructureDefinition/PlanDefinition], CanonicalType[http://hl7.org/fhir/StructureDefinition/Questionnaire], CanonicalType[http://hl7.org/fhir/StructureDefinition/Measure], CanonicalType[http://hl7.org/fhir/StructureDefinition/ActivityDefinition], CanonicalType[http://hl7.org/fhir/StructureDefinition/OperationDefinition]]}
","FHIRプロトコルまたは定義をインスタンス化します。","このCarePlanで全体または一部に従われるFHIRで定義されたプロトコル、ガイドライン、アンケートなどの定義を指すURL。","","","","","","","","","",,,,,"",,,,"CarePlan.instantiatesCanonical",0,*,"","ele-1:すべてのFHIR要素は、@valueまたはchildrenを持っている必要があります。 {hasValue() or (children().count() > id.count())}
","Request.instantiatesCanonical",".outboundRelationship[typeCode=DEFN].target"
"CarePlan.instantiatesUri","CarePlan.instantiatesUri","","","",0,*,"","","Y","uri {[]} {[]}
","外部プロトコルまたは定義を実体化する。","このCarePlanが全体または一部に従っている外部管理プロトコル、ガイドライン、アンケート、または他の定義を指すURL。","これはHTMLページ、PDFなどであるか、解決不能なURI識別子である可能性があります。","","","","","","","","",,,,,"",,,,"CarePlan.instantiatesUri",0,*,"","ele-1:すべてのFHIR要素は、@valueまたはchildrenを持っている必要があります。 {hasValue() or (children().count() > id.count())}
","Request.instantiatesUri",".outboundRelationship[typeCode=DEFN].target"
"CarePlan.basedOn","CarePlan.basedOn","","fulfills
","",0,*,"","","Y","Reference {[]} {[CanonicalType[http://hl7.org/fhir/StructureDefinition/CarePlan]]}
","ケアプランを実行する","このケアプランによって全体または一部が満たされるケアプラン。 (Kono keapuran ni yotte zentai matawa ichibu ga mitasareru keapuran.)","","Allows tracing of the care plan and tracking whether proposals/recommendations were acted upon.","","","","","","","",,,,,"",,,,"CarePlan.basedOn",0,*,"","ele-1:すべてのFHIR要素は、@valueまたはchildrenを持っている必要があります。 {hasValue() or (children().count() > id.count())}
","Request.basedOn"
"CarePlan.replaces","CarePlan.replaces","","supersedes
","",0,*,"","","Y","Reference {[]} {[CanonicalType[http://hl7.org/fhir/StructureDefinition/CarePlan]]}
","このCarePlanで以前のCarePlanが入れ替わりました。","この新しい介護計画によって機能が引き継がれた完了または終了した介護計画。","置き換えは、最初の介護計画が即座に拒否されたためか（何か問題があったため）前の介護計画が完了したが、介護計画で説明されたアクションのニーズが継続しているためかもしれません。","Allows tracing the continuation of a therapy or administrative process instantiated through multiple care plans.","","","","","","","",,,,,"",,,,"CarePlan.replaces",0,*,"","ele-1:すべてのFHIR要素は、@valueまたはchildrenを持っている必要があります。 {hasValue() or (children().count() > id.count())}
","Request.replaces"
"CarePlan.partOf","CarePlan.partOf","","","",0,*,"","","Y","Reference {[]} {[CanonicalType[http://hl7.org/fhir/StructureDefinition/CarePlan]]}
","参照されたCarePlanの一部","この特定の介護計画が構成要素またはステップである、より大規模な介護計画","それぞれのケアプランは独立したリクエストであり、他のケアプランの一部になることが問題を引き起こすことがあるため、この要素についてはまだ議論中です。","","","","","","","","",,,,,"",,,,"CarePlan.partOf",0,*,"","ele-1:すべてのFHIR要素は、@valueまたはchildrenを持っている必要があります。 {hasValue() or (children().count() > id.count())}
"
"CarePlan.status","CarePlan.status","","","",1,1,"","Y","Y","code {[]} {[]}
","下書き| アクティブ| 保留中| 取り消された| 完了| エラーで入力| 不明","計画が実行中か、将来の意図を表しているか、現在歴史的記録であるかを示します。","未知のコードは、他のステータスを伝えるために使用されるべきではありません。未知のコードは、ステータスの1つが適用されるときに使用されるべきですが、作成システムがケアプランの現在の状態を知らない場合にも使用されます。

この要素は、プランが現在有効でないことを示す入力エラーのコードを含むステータスを含んでいるため、修飾子としてラベル付けされます。","Allows clinicians to determine whether the plan is actionable or not.","","","","","","","",,"required","計画が実行中か、将来の意図を表しているか、現在歴史的記録であるかを示します。","http://hl7.org/fhir/ValueSet/request-status|4.0.1","",,,,"CarePlan.status",1,1,"","ele-1:すべてのFHIR要素は、@valueまたはchildrenを持っている必要があります。 {hasValue() or (children().count() > id.count())}
","Request.status {uses different ValueSet}",".statusCode planned = new active = active completed = completed","FiveWs.status","PTH-5"
"CarePlan.intent","CarePlan.intent","","","",1,1,"","Y","Y","code {[]} {[]}
","提案 | 計画 | 注文 | オプション","ケアプランに関連する権限/意図のレベルを示し、ケアプランがワークフローチェーンにどのようにフィットするかを示します。","この要素は修飾子としてラベル付けされています。なぜなら、意図が変わり、リソースが実際に適用可能な場合と方法が変わるからです。","Proposals/recommendations, plans and orders all use the same structure and can exist in the same fulfillment chain.","","","","","","","",,"required","看護計画に関連する権限/意図の程度を示すコード","http://hl7.org/fhir/ValueSet/care-plan-intent|4.0.1","",,,,"CarePlan.intent",1,1,"","ele-1:すべてのFHIR要素は、@valueまたはchildrenを持っている必要があります。 {hasValue() or (children().count() > id.count())}
","Request.intent"
"CarePlan.category","CarePlan.category","","","",0,*,"","","Y","CodeableConcept {[]} {[]}
","プランの種類 (Puran no shurui)","複数の共存する計画間の差別化をサポートするための「種類」の計画を識別します；例えば「在宅医療」「精神科」「喘息」「疾患管理」「ウェルネスプラン」など。","複数の分類軸が存在し、1つの計画が複数の目的に役立つことがあります。場合によっては、これはCarePlan.concernへの参照と重複する場合があります。","Used for filtering what plan(s) are retrieved and displayed to different types of users.","","","","","","","",,"example","「これが複数存在する計画の区別を支援するための「種類」の計画である」（たとえば、「在宅医療」、「精神医療」、「喘息」、「疾患管理」など）。","http://hl7.org/fhir/ValueSet/care-plan-category","",,,,"CarePlan.category",0,*,"","ele-1:すべてのFHIR要素は、@valueまたはchildrenを持っている必要があります。 {hasValue() or (children().count() > id.count())}
","FiveWs.class"
"CarePlan.title","CarePlan.title","","","",0,1,"","","Y","string {[]} {[]}
","ケアプランに対する人間に優しい名前","介護計画のための人間にやさしい名前。","","","","","","","","","",,,,,"",,,,"CarePlan.title",0,1,"","ele-1:すべてのFHIR要素は、@valueまたはchildrenを持っている必要があります。 {hasValue() or (children().count() > id.count())}
"
"CarePlan.description","CarePlan.description","","","",0,1,"","","Y","string {[]} {[]}
","計画の性質の要約 (Keikaku no shizen no youyaku)","計画の範囲と性質の説明。","","Provides more detail than conveyed by category.","","","","","","","",,,,,"",,,,"CarePlan.description",0,1,"","ele-1:すべてのFHIR要素は、@valueまたはchildrenを持っている必要があります。 {hasValue() or (children().count() > id.count())}
","FiveWs.what[x]"
"CarePlan.subject","CarePlan.subject","","patient
","",1,1,"","","Y","Reference {[]} {[CanonicalType[http://hl7.org/fhir/StructureDefinition/Patient], CanonicalType[http://hl7.org/fhir/StructureDefinition/Group]]}
","""ケアプランの対象者は誰ですか？"" (Kea puran no taishōsha wa dare desu ka?)","計画に記載されている患者またはグループを特定します。 (Keikaku ni kisai sarete iru kanja matawa gurūpu o tokutei shimasu.)","","","","","","","","","",,,,,"",,,,"CarePlan.subject",1,1,"","ele-1:すべてのFHIR要素は、@valueまたはchildrenを持っている必要があります。 {hasValue() or (children().count() > id.count())}
","Request.subject",".participation[typeCode=PAT].role[classCode=PAT]","FiveWs.subject[x]","FiveWs.subject","PID-3"
"CarePlan.encounter","CarePlan.encounter","","","",0,1,"","","Y","Reference {[]} {[CanonicalType[http://hl7.org/fhir/StructureDefinition/Encounter]]}
","一部として作成されたEncounter（診察、受診、入退院など）","このCarePlanが作成されたEncounter（診察、受診、入退院など）、またはこの記録の作成に密接に関係するEncounter（診察、受診、入退院など）。","これは通常、イベントが発生したエンカウンター内で行われますが、公式的なエンカウンターの完了前または後でも、エンカウンターの文脈に関連するアクティビティが開始される場合があります。 ケアプランに従って実施されるケアプランアクティビティは、他のエンカウンターの一部として行われる可能性があります。","","","","","","","","",,,,,"",,,,"CarePlan.encounter",0,1,"","ele-1:すべてのFHIR要素は、@valueまたはchildrenを持っている必要があります。 {hasValue() or (children().count() > id.count())}
","Request.context",".","FiveWs.context","Associated PV1"
"CarePlan.period","CarePlan.period","","timing
","",0,1,"","","Y","Period {[]} {[]}
","時間期間プランがカバーされています","計画が（実行される予定である）開始時期と終了時期を示します。","計画の一部として予定された任意のアクティビティは、単一のエンカウンタ/エピソード内で計画されたものであるか、複数のエンカウンタ/エピソードにわたって計画されたものであるかに関係なく、指定された期間内に制約される必要があります（例えば、慢性疾患の長期管理）。","Allows tracking what plan(s) are in effect at a particular time.","","","","","","","",,,,,"",,,,"CarePlan.period",0,1,"","ele-1:すべてのFHIR要素は、@valueまたはchildrenを持っている必要があります。 {hasValue() or (children().count() > id.count())}
","Request.occurrence[x]",".effectiveTime","FiveWs.planned","GOL-7 / GOL-8"
"CarePlan.created","CarePlan.created","","authoredOn
","",0,1,"","","Y","dateTime {[]} {[]}
","日付記録が最初に記録された。","「これは特定のCarePlanレコードがシステム内で作成された日を表します。これはしばしばシステムが生成した日付です。」","","","","","","","","","",,,,,"",,,,"CarePlan.created",0,1,"","ele-1:すべてのFHIR要素は、@valueまたはchildrenを持っている必要があります。 {hasValue() or (children().count() > id.count())}
","Request.authoredOn",".participation[typeCode=AUT].time","FiveWs.recorded"
"CarePlan.author","CarePlan.author","","","",0,1,"","","Y","Reference {[]} {[CanonicalType[http://hl7.org/fhir/StructureDefinition/Patient], CanonicalType[http://hl7.org/fhir/StructureDefinition/Practitioner], CanonicalType[http://hl7.org/fhir/StructureDefinition/PractitionerRole], CanonicalType[http://hl7.org/fhir/StructureDefinition/Device], CanonicalType[http://hl7.org/fhir/StructureDefinition/RelatedPerson], CanonicalType[http://hl7.org/fhir/StructureDefinition/Organization], CanonicalType[http://hl7.org/fhir/StructureDefinition/CareTeam]]}
","「指名された責任者は誰ですか？」","人口密集地において、著者はケアプランに責任を持っています。ケアプランは著者に帰属されます。","著者は寄稿者でもある可能性があります。例えば、組織は著者として表示されますが、寄稿者としては表示されません。","","","","","","","","",,,,,"",,,,"CarePlan.author",0,1,"","ele-1:すべてのFHIR要素は、@valueまたはchildrenを持っている必要があります。 {hasValue() or (children().count() > id.count())}
","Request.requester","FiveWs.author"
"CarePlan.contributor","CarePlan.contributor","","","",0,*,"","","","Reference {[]} {[CanonicalType[http://hl7.org/fhir/StructureDefinition/Patient], CanonicalType[http://hl7.org/fhir/StructureDefinition/Practitioner], CanonicalType[http://hl7.org/fhir/StructureDefinition/PractitionerRole], CanonicalType[http://hl7.org/fhir/StructureDefinition/Device], CanonicalType[http://hl7.org/fhir/StructureDefinition/RelatedPerson], CanonicalType[http://hl7.org/fhir/StructureDefinition/Organization], CanonicalType[http://hl7.org/fhir/StructureDefinition/CareTeam]]}
","「誰がケアプランの内容を提供しましたか？」","介護プランの内容を提供した個人または組織を特定する。","共同ケアプランには複数の貢献者がいる場合があります。","","","","","","","","",,,,,"",,,,"CarePlan.contributor",0,*,"","ele-1:すべてのFHIR要素は、@valueまたはchildrenを持っている必要があります。 {hasValue() or (children().count() > id.count())}
"
"CarePlan.careTeam","CarePlan.careTeam","","","",0,*,"","","","Reference {[]} {[CanonicalType[http://hl7.org/fhir/StructureDefinition/CareTeam]]}
","この計画に誰が関わっているのですか？","この計画によって想定されるケアに関与するすべての人々や組織を特定する。","","Allows representation of care teams, helps scope care plan.  In some cases may be a determiner of access permissions.","","","","","","","",,,,,"",,,,"CarePlan.careTeam",0,*,"","ele-1:すべてのFHIR要素は、@valueまたはchildrenを持っている必要があります。 {hasValue() or (children().count() > id.count())}
","Request.performer {similar but does not entail CareTeam}","FiveWs.actor"
"CarePlan.addresses","CarePlan.addresses","","","",0,*,"","","Y","Reference {[]} {[CanonicalType[http://hl7.org/fhir/StructureDefinition/Condition]]}
","この計画が対処する健康上の問題","この計画で管理および軽減の対象となる状況、問題、懸念、診断等を特定する。","診断がアレルギーまたは不耐症に関連している場合、ConditionおよびAllergyIntoleranceリソースの両方を使用できます。ただし、意思決定のサポートに有用であるためには、Conditionだけで十分ではなく、アレルギーまたは不耐症の状態をAllergyIntoleranceとして表現する必要があります。","Links plan to the conditions it manages.  The element can identify risks addressed by the plan as well as active conditions.  (The Condition resource can include things like ""at risk for hypertension"" or ""fall risk"".)  Also scopes plans - multiple plans may exist addressing different concerns.","","","","","","","",,,,,"",,,,"CarePlan.addresses",0,*,"","ele-1:すべてのFHIR要素は、@valueまたはchildrenを持っている必要があります。 {hasValue() or (children().count() > id.count())}
","Request.reasonReference",".actRelationship[typeCode=SUBJ].target[classCode=CONC, moodCode=EVN]","FiveWs.why[x]","PRB-4"
"CarePlan.supportingInfo","CarePlan.supportingInfo","","","",0,*,"","","","Reference {[]} {[CanonicalType[http://hl7.org/fhir/StructureDefinition/Resource]]}
","""計画の一部として考慮される情報"" (Keikaku no ichibu toshite kouryo sareru joho)","計画の形成に特定に影響を与えた患者の記録の部分を特定します。これらには、共存疾患、最近の手術、制限、最近の評価などが含まれます。","ケアプランで取り扱われる特定の状態を識別するために""concern""を使用してください。","Identifies barriers and other considerations associated with the care plan.","","","","","","","",,,,,"",,,,"CarePlan.supportingInfo",0,*,"","ele-1:すべてのFHIR要素は、@valueまたはchildrenを持っている必要があります。 {hasValue() or (children().count() > id.count())}
","Request.supportingInfo"
"CarePlan.goal","CarePlan.goal","","","",0,*,"","","","Reference {[]} {[CanonicalType[http://hl7.org/fhir/StructureDefinition/Goal]]}
","計画の望まれる結果 (Keikaku no nozomareru kekka)","介護計画を実行することで意図される目標を説明する。","目標は特定の変化を達成することであったり、現状を維持することであったり、衰退を遅らせることであることもある。","Provides context for plan.  Allows plan effectiveness to be evaluated by clinicians.","","","","","","","",,,,,"",,,,"CarePlan.goal",0,*,"","ele-1:すべてのFHIR要素は、@valueまたはchildrenを持っている必要があります。 {hasValue() or (children().count() > id.count())}
",".outboundRelationship[typeCode<=OBJ].","GOL.1"
"CarePlan.activity","CarePlan.activity","","","",0,*,"","","","BackboneElement {[]} {[]}
","計画の一環として発生する行動","計画の一部として発生する予定の行動を識別します。例えば、使用する薬、実施する実験、自己モニタリング、教育などがあります。","","Allows systems to prompt for performance of planned activities, and validate plans against best practice.","","","","","","","",,,,,"",,,,"CarePlan.activity",0,*,"","cpl-3:参照文献または詳細を提供してください。両方は不要です。 {detail.empty() or reference.empty()}
ele-1:すべてのFHIR要素は、@valueまたはchildrenを持っている必要があります。 {hasValue() or (children().count() > id.count())}","{no mapping
NOTE: This is a list of contained Request-Event tuples!}",".outboundRelationship[typeCode=COMP].target"
"CarePlan.activity.id","CarePlan.activity.id","","","",0,1,"","","","string {[]} {[]}
","エレメント相互参照のためのユニークID","リソース内の要素の固有ID（内部参照用）。これは、スペースを含まない任意の文字列値である可能性があります。","","","","","","","","","",,,,,"",,,,"Element.id",0,1,"","","n/a"
"CarePlan.activity.extension","CarePlan.activity.extension","","extensions
user content","",0,*,"","","","Extension {[]} {[]}
","実装によって定義される追加コンテンツ","要素の基本的な定義に含まれない追加情報を表すために使用されることがあります。拡張機能の使用を安全かつ管理しやすくするために、定義および使用に適用される厳格なガバナンスのセットがあります。実装者は拡張機能を定義できますが、拡張機能の定義の一部として満たす必要のある要件のセットがあります。","どのようなアプリケーション、プロジェクト、または標準が拡張機能を使用しているかに関わらず、拡張機能の使用には決して汚名が付くわけではありません - それらを使用または定義する機関または管轄区域に関係なく。拡張機能の使用こそが、FHIR仕様を誰にとっても簡単なコアレベルで維持することを可能にします。","","","","","","","","",,,,,"",,,,"Element.extension",0,*,"","ele-1:すべてのFHIR要素は、@valueまたはchildrenを持っている必要があります。 {hasValue() or (children().count() > id.count())}
ext-1:拡張機能または値[x]のいずれかが必要です。両方ではありません。 {extension.exists() != value.exists()}","n/a"
"CarePlan.activity.modifierExtension","CarePlan.activity.modifierExtension","","extensions
user contentmodifiers","",0,*,"","Y","Y","Extension {[]} {[]}
","認識されなくても無視できない拡張機能","基本的な要素の定義に含まれない追加情報を表すために使用されることがあり、それによって、その要素自体または取り込んでいる要素の子孫の理解を修正する。修飾子要素は通常、否定または修飾を提供します。拡張機能の安全で管理しやすい使用を実現するために、定義および使用に厳しいガバナンスセットが適用されています。どの実装者でも拡張機能を定義できますが、拡張機能の定義の一部として満たす必要がある要件があります。リソースを処理するアプリケーションは、修飾子拡張子をチェックする必要があります。

修飾子拡張機能は、リソースまたはドメインリソースの任意の要素の意味を変更してはなりません（修飾子拡張自体の意味を変更することもできません）。","どのようなアプリケーション、プロジェクト、または標準が拡張機能を使用しているかに関わらず、拡張機能の使用には決して汚名が付くわけではありません - それらを使用または定義する機関または管轄区域に関係なく。拡張機能の使用こそが、FHIR仕様を誰にとっても簡単なコアレベルで維持することを可能にします。","Modifier extensions allow for extensions that *cannot* be safely ignored to be clearly distinguished from the vast majority of extensions which can be safely ignored.  This promotes interoperability by eliminating the need for implementers to prohibit the presence of extensions. For further information, see the [definition of modifier extensions](http://hl7.org/fhir/R4/extensibility.html#modifierExtension).","","","","","","","",,,,,"",,,,"BackboneElement.modifierExtension",0,*,"","ele-1:すべてのFHIR要素は、@valueまたはchildrenを持っている必要があります。 {hasValue() or (children().count() > id.count())}
ext-1:拡張機能または値[x]のいずれかが必要です。両方ではありません。 {extension.exists() != value.exists()}","N/A"
"CarePlan.activity.outcomeCodeableConcept","CarePlan.activity.outcomeCodeableConcept","","","",0,*,"","","","CodeableConcept {[]} {[]}
","活動の結果 (Katsudou no kekka)","活動の状況が評価された時点での結果を特定します。例えば、教育活動の結果は患者が理解したかどうかです。","これは活動の状態を複製してはいけないことに注意して下さい（例えば、完了したものや進行中のものなど）。","","","","","","","","",,"example","活動の結果を特定します。","http://hl7.org/fhir/ValueSet/care-plan-activity-outcome","",,,,"CarePlan.activity.outcomeCodeableConcept",0,*,"","ele-1:すべてのFHIR要素は、@valueまたはchildrenを持っている必要があります。 {hasValue() or (children().count() > id.count())}
"
"CarePlan.activity.outcomeReference","CarePlan.activity.outcomeReference","","","",0,*,"","","","Reference {[]} {[CanonicalType[http://hl7.org/fhir/StructureDefinition/Resource]]}
","予約、Encounter（診察、受診、入退院など）、手続きなど。 (Yoyaku, deai, tetsuzuki nado.)","アクティビティによって生じる結果や行動の詳細。プロシジャー（処置等）、エンカウンター、観察などの「イベント」リソースに参照していることは、アクティビティそのものの結果/成果です。CarePlan.activity.detailを使用するか、CarePlan.activity.reference（「リクエスト」リソースへの参照）を使用してアクティビティを伝えることができます。","活動の結果は、関連する目標の結果に独立しています。例えば、目標が体重150ポンドの達成であり、活動がダイエットと定義されている場合、活動の結果は消費カロリーであり、目標の結果は実際の体重の観察です。","Links plan to resulting actions.","","","","","","","",,,,,"",,,,"CarePlan.activity.outcomeReference",0,*,"","ele-1:すべてのFHIR要素は、@valueまたはchildrenを持っている必要があります。 {hasValue() or (children().count() > id.count())}
","{Event that is outcome of Request in activity.reference}",".inboundRelationship[typeCode=FLFS].source"
"CarePlan.activity.progress","CarePlan.activity.progress","","","",0,*,"","","","Annotation {[]} {[]}
","活動状況/進捗についてのコメント (Katsudō jōkyō/Shinchoku ni tsuite no komento)","活動の遵守状況や進捗についてのメモ","この要素は、実行されるアクティビティを説明するために使用しないでください。アクティビティの詳細な参照先のリソース内で行われるか、アクティビティの詳細説明に記載されます。","Can be used to capture information about adherence, progress, concerns, etc.","","","","","","","",,,,,"",,,,"CarePlan.activity.progress",0,*,"","ele-1:すべてのFHIR要素は、@valueまたはchildrenを持っている必要があります。 {hasValue() or (children().count() > id.count())}
",".inboundRelationship[typeCode=SUBJ].source[classCode=OBS, moodCode=EVN, code=""annotation""].value","NTE?"
"CarePlan.activity.reference","CarePlan.activity.reference","","","",0,1,"","","","Reference {[]} {[CanonicalType[http://hl7.org/fhir/StructureDefinition/Appointment], CanonicalType[http://hl7.org/fhir/StructureDefinition/CommunicationRequest], CanonicalType[http://hl7.org/fhir/StructureDefinition/DeviceRequest], CanonicalType[http://hl7.org/fhir/StructureDefinition/MedicationRequest], CanonicalType[http://hl7.org/fhir/StructureDefinition/NutritionOrder], CanonicalType[http://hl7.org/fhir/StructureDefinition/Task], CanonicalType[http://hl7.org/fhir/StructureDefinition/ServiceRequest], CanonicalType[http://hl7.org/fhir/StructureDefinition/VisionPrescription], CanonicalType[http://hl7.org/fhir/StructureDefinition/RequestGroup]]}
","特定のリソースで定義された活動の詳細","特定のリソースに表現された提案された活動の詳細。","標準拡張機能が存在します（[リソースが目標に関連する]（extension-resource-pertainstogoal.html）），これにより、CarePlan.activity.referenceのいずれかの参照リソースから目標を参照できます。 CarePlanから独立して表示される場合には、CarePlan.activity.referenceによって参照されたリソースが表示される場合に目標が表示される必要があります。 この要素を使用して指示されたCarePlanを指すリクエストは、「basedOn」要素を使用してこのCarePlanを指すべきではありません。つまり、CarePlanの一部である要求はCarePlanに基づいていません。","Details in a form consistent with other applications and contexts of use.","","","","","","","",,,,,"",,,,"CarePlan.activity.reference",0,1,"cpl-3
","ele-1:すべてのFHIR要素は、@valueまたはchildrenを持っている必要があります。 {hasValue() or (children().count() > id.count())}
","{Request that resulted in Event in activity.actionResulting}",".outboundRelationship[typeCode=COMP].target"
"CarePlan.activity.detail","CarePlan.activity.detail","","","",0,1,"","","","BackboneElement {[]} {[]}
","""アクティビティのインライン定義"" (Akutibiti no inrain teigi)","プロシジャー（処置等）など具体的なリソースを持たない一般介護プランシステム（フォーム駆動型など）に適した計画された活動の簡単な概要","","Details in a simple form for generic care plan systems.","","","","","","","",,,,,"",,,,"CarePlan.activity.detail",0,1,"cpl-3
","ele-1:すべてのFHIR要素は、@valueまたはchildrenを持っている必要があります。 {hasValue() or (children().count() > id.count())}
",".outboundRelationship[typeCode=COMP, subsetCode=SUMM].target"
"CarePlan.activity.detail.id","CarePlan.activity.detail.id","","","",0,1,"","","","string {[]} {[]}
","エレメント相互参照のためのユニークID","リソース内の要素の固有ID（内部参照用）。これは、スペースを含まない任意の文字列値である可能性があります。","","","","","","","","","",,,,,"",,,,"Element.id",0,1,"","","n/a"
"CarePlan.activity.detail.extension","CarePlan.activity.detail.extension","","extensions
user content","",0,*,"","","","Extension {[]} {[]}
","実装によって定義される追加コンテンツ","要素の基本的な定義に含まれない追加情報を表すために使用されることがあります。拡張機能の使用を安全かつ管理しやすくするために、定義および使用に適用される厳格なガバナンスのセットがあります。実装者は拡張機能を定義できますが、拡張機能の定義の一部として満たす必要のある要件のセットがあります。","どのようなアプリケーション、プロジェクト、または標準が拡張機能を使用しているかに関わらず、拡張機能の使用には決して汚名が付くわけではありません - それらを使用または定義する機関または管轄区域に関係なく。拡張機能の使用こそが、FHIR仕様を誰にとっても簡単なコアレベルで維持することを可能にします。","","","","","","","","",,,,,"",,,,"Element.extension",0,*,"","ele-1:すべてのFHIR要素は、@valueまたはchildrenを持っている必要があります。 {hasValue() or (children().count() > id.count())}
ext-1:拡張機能または値[x]のいずれかが必要です。両方ではありません。 {extension.exists() != value.exists()}","n/a"
"CarePlan.activity.detail.modifierExtension","CarePlan.activity.detail.modifierExtension","","extensions
user contentmodifiers","",0,*,"","Y","Y","Extension {[]} {[]}
","認識されなくても無視できない拡張機能","基本的な要素の定義に含まれない追加情報を表すために使用されることがあり、それによって、その要素自体または取り込んでいる要素の子孫の理解を修正する。修飾子要素は通常、否定または修飾を提供します。拡張機能の安全で管理しやすい使用を実現するために、定義および使用に厳しいガバナンスセットが適用されています。どの実装者でも拡張機能を定義できますが、拡張機能の定義の一部として満たす必要がある要件があります。リソースを処理するアプリケーションは、修飾子拡張子をチェックする必要があります。

修飾子拡張機能は、リソースまたはドメインリソースの任意の要素の意味を変更してはなりません（修飾子拡張自体の意味を変更することもできません）。","どのようなアプリケーション、プロジェクト、または標準が拡張機能を使用しているかに関わらず、拡張機能の使用には決して汚名が付くわけではありません - それらを使用または定義する機関または管轄区域に関係なく。拡張機能の使用こそが、FHIR仕様を誰にとっても簡単なコアレベルで維持することを可能にします。","Modifier extensions allow for extensions that *cannot* be safely ignored to be clearly distinguished from the vast majority of extensions which can be safely ignored.  This promotes interoperability by eliminating the need for implementers to prohibit the presence of extensions. For further information, see the [definition of modifier extensions](http://hl7.org/fhir/R4/extensibility.html#modifierExtension).","","","","","","","",,,,,"",,,,"BackboneElement.modifierExtension",0,*,"","ele-1:すべてのFHIR要素は、@valueまたはchildrenを持っている必要があります。 {hasValue() or (children().count() > id.count())}
ext-1:拡張機能または値[x]のいずれかが必要です。両方ではありません。 {extension.exists() != value.exists()}","N/A"
"CarePlan.activity.detail.kind","CarePlan.activity.detail.kind","","","",0,1,"","","","code {[]} {[]}
","""予約 | コミュニケーションリクエスト | デバイスリクエスト | 薬剤リクエスト | 栄養指示 | タスク | サービスリクエスト | 視力処方箋""","ケアプラン活動のインライン定義が表すリソースの種類を説明します。 CarePlan.activity.referenceを使用してリソースを参照しない場合、CarePlan.activity.detailはインライン定義です。例えば、MedicationRequest、ServiceRequest、またはCommunicationRequestです。","","May determine what types of extensions are permitted.","","","","","","","",,"required","FHIRの一部として定義されたリソースタイプは、介護計画活動のインライン定義として表現できます。","http://hl7.org/fhir/ValueSet/care-plan-activity-kind|4.0.1","",,,,"CarePlan.activity.detail.kind",0,1,"","ele-1:すべてのFHIR要素は、@valueまたはchildrenを持っている必要があります。 {hasValue() or (children().count() > id.count())}
",".inboundRelationship[typeCode=COMP].source[classCode=LIST].code"
"CarePlan.activity.detail.instantiatesCanonical","CarePlan.activity.detail.instantiatesCanonical","","","",0,*,"","","","canonical {[]} {[CanonicalType[http://hl7.org/fhir/StructureDefinition/PlanDefinition], CanonicalType[http://hl7.org/fhir/StructureDefinition/ActivityDefinition], CanonicalType[http://hl7.org/fhir/StructureDefinition/Questionnaire], CanonicalType[http://hl7.org/fhir/StructureDefinition/Measure], CanonicalType[http://hl7.org/fhir/StructureDefinition/OperationDefinition]]}
","FHIRプロトコルまたは定義をインスタンス化します。","このCarePlan活動に完全または部分的に従われるFHIR定義プロトコル、ガイドライン、アンケート、またはその他の定義へのURL","","Allows Questionnaires that the patient (or practitioner) should fill in to fulfill the care plan activity.","","","","","","","",,,,,"",,,,"CarePlan.activity.detail.instantiatesCanonical",0,*,"","ele-1:すべてのFHIR要素は、@valueまたはchildrenを持っている必要があります。 {hasValue() or (children().count() > id.count())}
","Request.instantiatesCanonical",".outboundRelationship[typeCode=DEFN].target"
"CarePlan.activity.detail.instantiatesUri","CarePlan.activity.detail.instantiatesUri","","","",0,*,"","","","uri {[]} {[]}
","外部プロトコルまたは定義を実体化する。","このCarePlanアクティビティに部分的または完全に準拠されている外部に維持されたプロトコル、ガイドライン、アンケートまたはその他の定義を指すURL。","これはHTMLページ、PDFなどであるか、解決不能なURI識別子である可能性があります。","Allows Questionnaires that the patient (or practitioner) should fill in to fulfill the care plan activity.","","","","","","","",,,,,"",,,,"CarePlan.activity.detail.instantiatesUri",0,*,"","ele-1:すべてのFHIR要素は、@valueまたはchildrenを持っている必要があります。 {hasValue() or (children().count() > id.count())}
","Request.instantiatesUri",".outboundRelationship[typeCode=DEFN].target"
"CarePlan.activity.detail.code","CarePlan.activity.detail.code","","","",0,1,"","","","CodeableConcept {[]} {[]}
","活動の詳細タイプ (Katsudou no shousai taipu)","計画された活動の詳細な説明；例えば、どのようなラボテスト、どのようなプロシジャー（処置等）、どのようなEncounter（診察、受診、入退院など）か。","特定の製品に関する活動においては、あまり関係がない傾向があります。コードに否定を示すことは避け、代わりに「禁止」としてください。","Allows matching performed to planned as well as validation against protocols.","","","","","","","",,"example","活動の種類に関する詳細な説明例：どのような実験、どのプロシジャー（処置等）、どのようなEncounter（診察、受診、入退院など）ですか。","http://hl7.org/fhir/ValueSet/procedure-code","",,,,"CarePlan.activity.detail.code",0,1,"","ele-1:すべてのFHIR要素は、@valueまたはchildrenを持っている必要があります。 {hasValue() or (children().count() > id.count())}
","Request.code",".code","OBR-4 / RXE-2 / RXO-1 / RXD-2"
"CarePlan.activity.detail.reasonCode","CarePlan.activity.detail.reasonCode","","","",0,*,"","","","CodeableConcept {[]} {[]}
","なぜその活動を行うべきか、またはなぜその活動が禁止されたのか。 (Naze sono katsudou wo okonau beki ka, matawa naze sono katsudou ga kinshi sareta no ka?)","この特定の活動を計画の一部として含めることを推進した理論、または活動が禁止された理由を提供します。","これは診断コードになる可能性があります。完全な状態記録が存在する場合や、追加の詳細が必要な場合は、reasonConditionを使用してください。","","","","","","","","",,"example","看護計画のアクティビティが必要な理由を特定する。一般的な健康状態コード、予防、手術の準備などの概念を含めることができる。","http://hl7.org/fhir/ValueSet/clinical-findings","",,,,"CarePlan.activity.detail.reasonCode",0,*,"","ele-1:すべてのFHIR要素は、@valueまたはchildrenを持っている必要があります。 {hasValue() or (children().count() > id.count())}
","Request.reasonCode"
"CarePlan.activity.detail.reasonReference","CarePlan.activity.detail.reasonReference","","","",0,*,"","","","Reference {[]} {[CanonicalType[http://hl7.org/fhir/StructureDefinition/Condition], CanonicalType[http://hl7.org/fhir/StructureDefinition/Observation], CanonicalType[http://hl7.org/fhir/StructureDefinition/DiagnosticReport], CanonicalType[http://hl7.org/fhir/StructureDefinition/DocumentReference]]}
","なぜ活動が必要なのか？ (Naze katsudou ga hitsuyou na no ka?)","健康状態など、このリクエストを正当化し、この特定のアクティビティを計画の一部として含める原動力となった他のリソースを示します。","活動レベルで特定できる条件は、全体計画の理由として特定されないことがあります。","","","","","","","","",,,,,"",,,,"CarePlan.activity.detail.reasonReference",0,*,"","ele-1:すべてのFHIR要素は、@valueまたはchildrenを持っている必要があります。 {hasValue() or (children().count() > id.count())}
","Request.reasonReference"
"CarePlan.activity.detail.goal","CarePlan.activity.detail.goal","","","",0,*,"","","","Reference {[]} {[CanonicalType[http://hl7.org/fhir/StructureDefinition/Goal]]}
","このアクティビティに関連する目標","この活動に貢献することを目的とした目標を特定する内部参照。","","So that participants know the link explicitly.","","","","","","","",,,,,"",,,,"CarePlan.activity.detail.goal",0,*,"","ele-1:すべてのFHIR要素は、@valueまたはchildrenを持っている必要があります。 {hasValue() or (children().count() > id.count())}
",".outboundRelationship[typeCode<=OBJ]."
"CarePlan.activity.detail.status","CarePlan.activity.detail.status","","","",1,1,"","Y","","code {[]} {[]}
","未開始 | 予定済み | 進行中 | 保留中 | 完了 | 取り消し | 停止 | 不明 | エラーで入力済み","特定の活動に対して進捗状況を特定します。","アクションを起こすためにリンクされているリソースに基づいて、ステータスの一部は推測できます。 ""ステータス""は、計画が最後に更新された時点と同じくらい最新であることに注意してください。
不明なコードは他のステータスを伝えるために使用されるべきではありません。不明なコードは、ステータスが適用される1つであるが、オーサリングシステムがアクティビティの現在の状態を知らない場合に使用する必要があります。","Indicates progress against the plan, whether the activity is still relevant for the plan.","","","","","","","",,"required","ケアプラン活動全体のライフサイクル内での現在の状態を反映するコード。","http://hl7.org/fhir/ValueSet/care-plan-activity-status|4.0.1","",,,,"CarePlan.activity.detail.status",1,1,"","ele-1:すべてのFHIR要素は、@valueまたはchildrenを持っている必要があります。 {hasValue() or (children().count() > id.count())}
","Request.status",".statusCode not-started = new scheduled = not-started (and fulfillment relationship to appointent) in-progress = active on-hold = suspended completed = completed cancelled = aborted","ORC-5?"
"CarePlan.activity.detail.statusReason","CarePlan.activity.detail.statusReason","","","",0,1,"","","","CodeableConcept {[]} {[]}
","現在の状況の理由 (Genzai no jōkyō no riyū)","活動がまだ開始されていない、保留中である、キャンセルされた理由を説明します。","完了」という状態の場合は一般に存在しないでしょう。状態が変更された場合に更新するように促すか、少なくとも既存の値を削除するようにしてください。","","","","","","","","",,,,,"",,,,"CarePlan.activity.detail.statusReason",0,1,"","ele-1:すべてのFHIR要素は、@valueまたはchildrenを持っている必要があります。 {hasValue() or (children().count() > id.count())}
","Request.statusReason"
"CarePlan.activity.detail.doNotPerform","CarePlan.activity.detail.doNotPerform","","","",0,1,"","Y","","boolean {[]} {[]}
","もしそれが真実なら、アクティビティは行動を妨げています。","真である場合、説明された活動が計画に従って行われてはならないものであることを示します。偽である場合、または欠落している場合、説明された活動が計画に従って行われるべきものであることを示します。 (Makoto dearu baai, setsumei sareta katsudou ga keikaku ni shitagatte okonawarete wa naranai mono de aru koto o shimeshimasu. Uso dearu baai, mata wa ketsuroshite iru baai, setsumei sareta katsudou ga keikaku ni shitagatte okonawareru beki mono de aru koto o shimeshimasu.)","この要素は修飾子としてラベル付けされます。なぜなら、それは実行しない活動として活動をマークするからです。","Captures intention to not do something that may have been previously typical.","","If missing indicates that the described activity is one that should be engaged in when following the plan.","","","","","",,,,,"",,,,"CarePlan.activity.detail.doNotPerform",0,1,"","ele-1:すべてのFHIR要素は、@valueまたはchildrenを持っている必要があります。 {hasValue() or (children().count() > id.count())}
","Request.doNotPerform","actionNegationInd"
"CarePlan.activity.detail.scheduled[x]","CarePlan.activity.detail.scheduled[x]","","","",0,1,"","","","Timing {[]} {[]}
Period {[]} {[]}string {[]} {[]}","活動が発生するとき","記述されたアクティビティが発生する期間、タイミング、または頻度。","","Allows prompting for activities and detection of missed planned activities.","","","","","","","",,,,,"",,,,"CarePlan.activity.detail.scheduled[x]",0,1,"","ele-1:すべてのFHIR要素は、@valueまたはchildrenを持っている必要があります。 {hasValue() or (children().count() > id.count())}
","Request.occurrence[x]",".effectiveTime","TQ1"
"CarePlan.activity.detail.location","CarePlan.activity.detail.location","","","",0,1,"","","","Reference {[]} {[CanonicalType[http://hl7.org/fhir/StructureDefinition/Location]]}
","「起こるべき場所はどこですか？」","活動が行われる施設を特定します。例えば、自宅、病院、特定のクリニックなどです。","特定の臨床ロケーションを参照する場合もあれば、ロケーションのタイプを識別することもあります。","Helps in planning of activity.","","","","","","","",,,,,"",,,,"CarePlan.activity.detail.location",0,1,"","ele-1:すべてのFHIR要素は、@valueまたはchildrenを持っている必要があります。 {hasValue() or (children().count() > id.count())}
",".participation[typeCode=LOC].role","OBR-24(???!!)"
"CarePlan.activity.detail.performer","CarePlan.activity.detail.performer","","","",0,*,"","","","Reference {[]} {[CanonicalType[http://hl7.org/fhir/StructureDefinition/Practitioner], CanonicalType[http://hl7.org/fhir/StructureDefinition/PractitionerRole], CanonicalType[http://hl7.org/fhir/StructureDefinition/Organization], CanonicalType[http://hl7.org/fhir/StructureDefinition/RelatedPerson], CanonicalType[http://hl7.org/fhir/StructureDefinition/Patient], CanonicalType[http://hl7.org/fhir/StructureDefinition/CareTeam], CanonicalType[http://hl7.org/fhir/StructureDefinition/HealthcareService], CanonicalType[http://hl7.org/fhir/StructureDefinition/Device]]}
","誰が責任を負うのですか？ (Dare ga sekinin o ou no desu ka?)","誰がその活動に関与する必要があるかを特定します。","演者は介護プランの参加者である可能性もあります。","Helps in planning of activity.","","","","","","","",,,,,"",,,,"CarePlan.activity.detail.performer",0,*,"","ele-1:すべてのFHIR要素は、@valueまたはchildrenを持っている必要があります。 {hasValue() or (children().count() > id.count())}
","Request.performer",".participation[typeCode=PFM]","PRT-5 : ( PRV-4 = (provider participations)); PRT-5 : ( PRV-4 = (non-provider person participations )) ; PRT-5 : ( PRV-4 = (patient non-subject of care) ) ; PRT-8"
"CarePlan.activity.detail.product[x]","CarePlan.activity.detail.product[x]","","","",0,1,"","","","CodeableConcept {[]} {[]}
Reference {[]} {[CanonicalType[http://hl7.org/fhir/StructureDefinition/Medication], CanonicalType[http://hl7.org/fhir/StructureDefinition/Substance]]}","「何を管理/供給するのですか？」","活動で消費または提供される食料品、薬品、またはその他の製品を識別します。","","","","","","","","","",,"example","ケア・プランのアクティビティーの一環として提供される製品またはアレンジメント","http://hl7.org/fhir/ValueSet/medication-codes","",,,,"CarePlan.activity.detail.product[x]",0,1,"","ele-1:すべてのFHIR要素は、@valueまたはchildrenを持っている必要があります。 {hasValue() or (children().count() > id.count())}
",".participation[typeCode=PRD].role","RXE-2 / RXO-1 / RXD-2"
"CarePlan.activity.detail.dailyAmount","CarePlan.activity.detail.dailyAmount","","daily dose
","",0,1,"","","","Quantity {[CanonicalType[http://hl7.org/fhir/StructureDefinition/SimpleQuantity]]} {[]}
","「1日に何回飲むべきですか？」""","特定日に消費される予想数量を特定する。","","Allows rough dose checking.","","","","","","","",,,,,"",,,,"CarePlan.activity.detail.dailyAmount",0,1,"","ele-1:すべてのFHIR要素は、@valueまたはchildrenを持っている必要があります。 {hasValue() or (children().count() > id.count())}
",".outboundRelationship[typeCode=COMP][classCode=SBADM].doseQuantity","RXO-23 / RXE-19 / RXD-12"
"CarePlan.activity.detail.quantity","CarePlan.activity.detail.quantity","","","",0,1,"","","","Quantity {[CanonicalType[http://hl7.org/fhir/StructureDefinition/SimpleQuantity]]} {[]}
","どのくらいの量を与える／支給する／消費するのですか？","被験者によって供給、投与、消費される予定の数量を特定する。","","","","","","","","","",,,,,"",,,,"CarePlan.activity.detail.quantity",0,1,"","ele-1:すべてのFHIR要素は、@valueまたはchildrenを持っている必要があります。 {hasValue() or (children().count() > id.count())}
",".outboundRelationship[typeCode=COMP][classCode=SPLY].quantity","RXO-11 / RXE-10 / RXD-4 / RXG-5 / RXA-6 /  TQ1-2.1  *and*  RXO-12 /  RXE-11 / RXD-5 / RXG-7 / RXA-7 / TQ1-2.2"
"CarePlan.activity.detail.description","CarePlan.activity.detail.description","","","",0,1,"","","","string {[]} {[]}
","実施するアクティビティを説明する追加情報","これは意図された活動の発生に関する制約のテキスト上の説明を提供し、他の活動との関係を含むことがあります。また、目的、前提条件、終了条件も含まれる場合があります。最後に、場所、方法、経路などの活動に関する詳細を伝えることもできます。","","","","","","","","","",,,,,"",,,,"CarePlan.activity.detail.description",0,1,"","ele-1:すべてのFHIR要素は、@valueまたはchildrenを持っている必要があります。 {hasValue() or (children().count() > id.count())}
",".text","NTE?"
"CarePlan.note","CarePlan.note","","","",0,*,"","","","Annotation {[]} {[]}
","この計画に対するコメント","介護計画についてのその他の項目には含まれていない一般的な注意事項","","Used to capture information that applies to the plan as a whole that doesn't fit into discrete elements.","","","","","","","",,,,,"",,,,"CarePlan.note",0,*,"","ele-1:すべてのFHIR要素は、@valueまたはchildrenを持っている必要があります。 {hasValue() or (children().count() > id.count())}
","Request.note",".inboundRelationship[typeCode=SUBJ].source[classCode=OBS, moodCode=EVN, code=""annotation""].value","NTE?"
